#Cities,Best,TTS(s),Searches
10,405.1,0.329175
11,424.88,3.24013
12,437.39,39.9692
13,475.04,549.454
