#Cities,Best,TTS(s),Searches
10,405.1,0.344387,846861727
11,424.88,3.65316,886778526
